{"train/loss_rpn_cls": 0.016841287910938262, "train/loss_rpn_bbox": 0.022058027877938, "train/loss_cls": 0.1658419393002987, "train/acc": 94.658203125, "train/loss_bbox": 0.16056878566741944, "train/loss": 0.3653100408613682, "train/grad_norm": 1.6936535596847535, "learning_rate": 0.002, "momentum": 0.9, "_timestamp": 1683196266.4898643, "_runtime": 2526.325933456421, "_step": 12209, "_wandb": {"runtime": 2530}}