{"train/loss_rpn_cls": 0.11717349961400032, "train/loss_rpn_bbox": 0.03168122321367264, "train/loss_cls": 0.3286259710788727, "train/acc": 93.525390625, "train/loss_bbox": 0.2590247169137001, "train/loss": 0.7365054100751877, "train/grad_norm": 1.8217352509498597, "learning_rate": 0.0031768400000000007, "momentum": 0.9, "_timestamp": 1683561667.0956185, "_runtime": 29.673620462417603, "_step": 80}