{"train/loss_rpn_cls": 0.07993979286402464, "train/loss_rpn_bbox": 0.03697558483108878, "train/loss_cls": 0.336952343583107, "train/acc": 91.2841796875, "train/loss_bbox": 0.24246163964271544, "train/loss": 0.6963293641805649, "train/grad_norm": 1.7374292612075806, "learning_rate": 0.02, "momentum": 0.9, "_timestamp": 1683192648.20907, "_runtime": 349.57837986946106, "_step": 1651, "_wandb": {"runtime": 480}}