{"train/loss_rpn_cls": 0.08261340642347932, "train/loss_rpn_bbox": 0.03911416735500097, "train/loss_cls": 0.34857201352715494, "train/acc": 91.357421875, "train/loss_bbox": 0.27594091147184374, "train/loss": 0.7462404847145081, "train/grad_norm": 2.0793996870517732, "learning_rate": 0.02, "momentum": 0.9, "_timestamp": 1683193179.1746914, "_runtime": 284.92562651634216, "_step": 1090, "_wandb": {"runtime": 389}}